Categoria,Cantidad,Porcentaje
Bosque Denso,37,53.62318840579711
Vegetacion Moderada,27,39.130434782608695
Pastos/Agricultura,3,4.3478260869565215
Sombra/Agua,2,2.898550724637681
